{
    "fp16": {
        "enabled": true,
        "loss_scale": 0,
        "loss_scale_window": 1000,
        "hysteresis": 2,
        "min_loss_scale": 1,
        "initial_scale_power": 10
    },

    "zero_optimization": {
        "stage": 2,
        "allgather_partitions": true,
        "allgather_bucket_size": 2e8,
        "overlap_comm": true,
        "reduce_scatter": true,
        "reduce_bucket_size": 2e8,
        "contiguous_gradients": true,
        "cpu_offload": false
    },

    "zero_allow_untested_optimizer": true,
    "steps_per_print": 100,
    "wall_clock_breakdown": false,
    "gradient_accumulation_steps": 1,
    "train_micro_batch_size_per_gpu": 12,
    "gradient_clipping": 10.0
    
}